count,public_folder
48,/IPM_SUBTREE/TOP RECAMBIOS
32,/IPM_SUBTREE/EXCLUSIVAS BCN
32,/IPM_SUBTREE/CONTINENTAL CORREAS
31,/IPM_SUBTREE/FILTROS CARTES
31,/IPM_SUBTREE/FRIG AIR
26,/IPM_SUBTREE/NEX TYRES
24,/IPM_SUBTREE/MECAFILTER
24,/IPM_SUBTREE/FARE
24,/IPM_SUBTREE/EACLIMA
18,/IPM_SUBTREE/ROYSE
17,/IPM_SUBTREE/EXIDE
17,/IPM_SUBTREE/BLISTEIN - SWAG
17,/IPM_SUBTREE/CECAUTO
17,/IPM_SUBTREE/OPTIMAL
17,/IPM_SUBTREE/BREMBO
16,/IPM_SUBTREE/ESTANFI
16,/IPM_SUBTREE/REPRESENTACIONES HERNANDEZ
16,/IPM_SUBTREE/MEAT-DORIA
16,/IPM_SUBTREE/SESAME
16,/IPM_SUBTREE/MULTIRECAMBIOS HM
16,/IPM_SUBTREE/ABSOAL
16,/IPM_SUBTREE/CEAPI
16,/IPM_SUBTREE/VALEO
16,/IPM_SUBTREE/NER-TOR
16,/IPM_SUBTREE/PEMEBLA
16,/IPM_SUBTREE/IPARLUX
16,/IPM_SUBTREE/NRF
16,/IPM_SUBTREE/NEUMATICOS ANDRES
16,/IPM_SUBTREE/GIRA
16,/IPM_SUBTREE/AUTOMECANICA ALBOX TURISMO
16,/IPM_SUBTREE/RZTOOLS
16,/IPM_SUBTREE/FERREVERA
16,/IPM_SUBTREE/FEBEST - RUMBO NORTE
16,/IPM_SUBTREE/Trash/TIP-TOP
16,/IPM_SUBTREE/KYB
16,/IPM_SUBTREE/BARRAL AUTO
16,/IPM_SUBTREE/SEUR
16,/IPM_SUBTREE/ITA-ROTOMATIC
16,/IPM_SUBTREE/CHEMA NEUMATICOS
15,/IPM_SUBTREE/DAMIAN GOMEZ
15,/IPM_SUBTREE/AIRTOP ITALIA
15,/IPM_SUBTREE/EUROMAQUINARIAS HISPANIDAD
15,/IPM_SUBTREE/POOL LINE
15,/IPM_SUBTREE/AZUR GLOBAL
14,/IPM_SUBTREE/ASYSUM
13,/IPM_SUBTREE/PRODUCTOS LIV610ec48b
12,/IPM_SUBTREE/JBM
12,/IPM_SUBTREE/LUK
12,/IPM_SUBTREE/LIZARTE
11,/IPM_SUBTREE/SPJ0f44851e
11,/IPM_SUBTREE/PULPI AUTOMOCION
11,/IPM_SUBTREE/SERCA FACTURACION
11,/IPM_SUBTREE/CEVAM
10,/IPM_SUBTREE/FEDERAL MOGUL
9,/IPM_SUBTREE/SKRIT INFORMATICA
9,/IPM_SUBTREE/LOGISTIK
9,/IPM_SUBTREE/NGK
9,/IPM_SUBTREE/ARVERA12ef9588
8,/IPM_SUBTREE/LOCALIZADOR
8,/IPM_SUBTREE/INSTELNET
8,/IPM_SUBTREE/TIP-TOP
8,/IPM_SUBTREE/ITAL RECAMBIOS
8,/IPM_SUBTREE/SAVERES
8,/IPM_SUBTREE/MICHELIN
8,/IPM_SUBTREE/SASH51a13cd2
8,/IPM_SUBTREE/BRIDGESTONE
8,/IPM_SUBTREE/MKD RECAMBIOS
8,/IPM_SUBTREE/CRUZBER
8,/IPM_SUBTREE/ALKAR
8,/IPM_SUBTREE/SERNESA
8,/IPM_SUBTREE/TECCOM
8,/IPM_SUBTREE/TOP RECAMBIOS/INFORMATICA
8,/IPM_SUBTREE/EVERGREEN
8,/IPM_SUBTREE/SUMINESA
8,/IPM_SUBTREE/AMOLUX - MANAD
8,/IPM_SUBTREE/RODAMIENTOS FEYC
8,/IPM_SUBTREE/DELINMITEL
8,/IPM_SUBTREE/POESSA
8,/IPM_SUBTREE/DOGA
8,/IPM_SUBTREE/MECAVERA
8,/IPM_SUBTREE/CARPRISS
8,/IPM_SUBTREE/SAMOA
8,/IPM_SUBTREE/RECAMBIOS ASIATICOS
8,/IPM_SUBTREE/PINCHAZOS VARGAS
8,/IPM_SUBTREE/HENKEL
8,/IPM_SUBTREE/ESSITY - TORK
8,/IPM_SUBTREE/COMPRAS VARIAS
8,/IPM_SUBTREE/EUROMASTER
8,/IPM_SUBTREE/DUERTO
8,/IPM_SUBTREE/CARDIBERICA
8,/IPM_SUBTREE/NEUMATICOS LUCENA
8,/IPM_SUBTREE/ALGO GROUP
8,/IPM_SUBTREE/HARRY WALKER RODAMIENTOS
8,/IPM_SUBTREE/HTLO LUBRICANTES
8,/IPM_SUBTREE/PROMETEON
8,/IPM_SUBTREE/OSRAM
8,/IPM_SUBTREE/AMOLUX
8,/IPM_SUBTREE/DANA AUTOMOCION
8,/IPM_SUBTREE/AS
8,/IPM_SUBTREE/ACEITES Y LUBRICANTES SASH
8,/IPM_SUBTREE/ALCANER 2000
8,/IPM_SUBTREE/HOLY AUTO
8,/IPM_SUBTREE/HC-CARGO
8,/IPM_SUBTREE/AJUSA
8,/IPM_SUBTREE/GOYRA
8,/IPM_SUBTREE/AMOSAN
8,/IPM_SUBTREE/MSMC4f5fc55b
8,/IPM_SUBTREE/ACPS AUTOMOTIVE
8,/IPM_SUBTREE/TALLERES BAYRA
8,/IPM_SUBTREE/RECAMBIOS JESUS
8,/IPM_SUBTREE/MAHLE
8,/IPM_SUBTREE/BB - BORG & BECK(2)
8,/IPM_SUBTREE/ESNEAGRI
8,/IPM_SUBTREE/RH
8,/IPM_SUBTREE/DAISA - VARTA
7,/IPM_SUBTREE/LOGISTICA
7,/IPM_SUBTREE/TURBOS BCN
7,/IPM_SUBTREE/SYRSA
7,/IPM_SUBTREE/REPUESTOS COOPER
7,/IPM_SUBTREE/IMASAF PRO
7,/IPM_SUBTREE/REYNASA
7,/IPM_SUBTREE/ASCAUTO
7,/IPM_SUBTREE/AUTOMECANICA ALMANZORA
7,/IPM_SUBTREE/TECNODIESEL
7,/IPM_SUBTREE/LOGISCENTER
7,/IPM_SUBTREE/DANIEL VICENTE
7,/IPM_SUBTREE/MS MOTORSERVICE
7,/IPM_SUBTREE/COFAN
7,/IPM_SUBTREE/VICTYRES
7,/IPM_SUBTREE/METALCAUCHO
7,/IPM_SUBTREE/VERA IMPORT
7,/IPM_SUBTREE/SNA EUROPE
7,/IPM_SUBTREE/COMLINE
7,/IPM_SUBTREE/TALOSA
7,/IPM_SUBTREE/REMAN MOTOR
7,/IPM_SUBTREE/JUMASA
7,/IPM_SUBTREE/AUTOCRISTAL SEVILLA
7,/IPM_SUBTREE/QUIMICAR
7,/IPM_SUBTREE/NISSENS
7,/IPM_SUBTREE/TOTAL
7,/IPM_SUBTREE/ICR IBERICA
7,/IPM_SUBTREE/ANYDESK
6,/IPM_SUBTREE/FUENLAMOTOR
6,/IPM_SUBTREE/DELDO
6,/IPM_SUBTREE/AMADINI
5,/IPM_SUBTREE/REPUESTOS ALMANZORA
5,/IPM_SUBTREE/PURFLUX
5,/IPM_SUBTREE/SUPERPLAQUE
5,/IPM_SUBTREE/REPSOL
5,/IPM_SUBTREE/DAKOLUB
4,/IPM_SUBTREE/VT POWER
4,/IPM_SUBTREE/SAN JOSE NEUMATICOS
3,/IPM_SUBTREE/A92 PARTS
3,/IPM_SUBTREE/COMERCIAL JOPE
3,/IPM_SUBTREE/VERMAT
3,/IPM_SUBTREE/3RG
3,/IPM_SUBTREE/REDD PARTS
3,/IPM_SUBTREE/AUXOL
3,/IPM_SUBTREE/UTSCH ESPAÑA
3,/IPM_SUBTREE/GOMEZ MOTOR
3,/IPM_SUBTREE/REPUESTOS HUBRI
3,/IPM_SUBTREE/CONTABO
3,/IPM_SUBTREE/FERVE
3,/IPM_SUBTREE/RECAMBIOS FRAIN
3,/IPM_SUBTREE/NEUMATICOS SOLEDAD
3,/IPM_SUBTREE/KRAFT
3,/IPM_SUBTREE/LA VOZ DE ALMERIA
3,/IPM_SUBTREE/CORGHI
3,/IPM_SUBTREE/KETI
3,/IPM_SUBTREE/AVILA MARTINEZ
3,/IPM_SUBTREE/ARSYS
3,/IPM_SUBTREE/CONCEPT CAR
3,/IPM_SUBTREE/PICOYA
3,/IPM_SUBTREE/AGITYRES
3,/IPM_SUBTREE/MAÑOSA BOMBAS
3,/IPM_SUBTREE/LLANTAUTO
3,/IPM_SUBTREE/TEXLIMA
2,/IPM_SUBTREE/Trash
2,/IPM_SUBTREE/VERASUR
2,/IPM_SUBTREE/REPUESTOS VICENTE
2,/IPM_SUBTREE/INTERNACIONAL DE JUNTAS
1,/IPM_SUBTREE/BORG &- BECK
1,/IPM_SUBTREE/ALFESER
1,/IPM_SUBTREE/DOSEGUER
1,/IPM_SUBTREE/Templates
1,/IPM_SUBTREE/DISTRI2B
1,/IPM_SUBTREE/HELLA
1,/IPM_SUBTREE/DONTYRE
1,/IPM_SUBTREE/TECNOTYRES
1,/IPM_SUBTREE/AFT FERRETERIA
1,/IPM_SUBTREE/EQUIPATALLER
1,/IPM_SUBTREE/SESISE
1,/IPM_SUBTREE/GETTYGO
1,/IPM_SUBTREE/RECAMBIO FACIL
1,/IPM_SUBTREE/CONTINENTAL TYRES
1,/IPM_SUBTREE/FENIE ENERGIA
1,/IPM_SUBTREE/PHIRA
1,/IPM_SUBTREE/Trash/NISSENS
